X,Y,Z
52,1,2.56
53,1,0.48
54,1,0.79
55,1,27.69
56,1,0
57,1,0.84
58,1,0
59,1,0
60,1,0
61,1,0
52,9.5,1.17
53,9.5,2
54,9.5,0
55,9.5,0.95
56,9.5,0
57,9.5,0
58,9.5,0
59,9.5,0
60,9.5,0
61,9.5,0
52,19,4.65
53,19,25.6
54,19,25.6
55,19,4
56,19,0.63
57,19,0.52
58,19,0.7
59,19,2.62
60,19,1.41
61,19,23.27
52,28.5,0.71
53,28.5,2.11
54,28.5,0
55,28.5,0.74
56,28.5,3.74
57,28.5,0.32
58,28.5,0
59,28.5,0
60,28.5,0
61,28.5,0
52,38,0.48
53,38,16.71
54,38,0.42
55,38,0.97
56,38,2.33
57,38,0
58,38,0
59,38,0
60,38,0
61,38,0
